ID;Category;No;Algorithm;ZipFile;DownloadURL;PageURL;ForumThread
sign-01;sign;1;Aigis-Sig+;Aigis-Sig+.zip;https://www.niccs.org.cn/niccs/Proposal/Public-Key%20Cryptographic%20Algorithms/Round%201%20candidates/Aigis-Sig%2B.zip;https://www.niccs.org.cn/niccs/Round1Additional/pc/content/content_2101567126852161536.html;https://list.niccs.org.cn/archives/list/pkcforum@list.niccs.org.cn/thread/HBX64SLYWTSSMTL3LYHBO3BD77ENY7VO/
sign-02;sign;2;BIT: Bimodal Triangular distribution based lattice signatures;BiT.zip;https://www.niccs.org.cn/niccs/Proposal/Public-Key%20Cryptographic%20Algorithms/Round%201%20candidates/BiT.zip;https://www.niccs.org.cn/niccs/Round1Additional/pc/content/content_2101561076358926336.html;https://list.niccs.org.cn/archives/list/pkcforum@list.niccs.org.cn/thread/U7FSJZ6KONWY36MQDOVDDB7IHHORNAJY/
sign-03;sign;3;CEDRUS+C;cedrus+c.zip;https://www.niccs.org.cn/niccs/Proposal/Public-Key%20Cryptographic%20Algorithms/Round%201%20candidates/cedrus%2Bc.zip;https://www.niccs.org.cn/niccs/Round1Additional/pc/content/content_2101561076497338368.html;https://list.niccs.org.cn/archives/list/pkcforum@list.niccs.org.cn/thread/UFWXT6DHJ56SDI6DD3NJ6JK2PFIXCMXD/
sign-04;sign;4;CEDRUSɑ;cedrus-α.zip;https://www.niccs.org.cn/niccs/Proposal/Public-Key%20Cryptographic%20Algorithms/Round%201%20candidates/cedrus-%CE%B1.zip;https://www.niccs.org.cn/niccs/Round1Additional/pc/content/content_2101561076644139008.html;https://list.niccs.org.cn/archives/list/pkcforum@list.niccs.org.cn/thread/QTJJOIBU56LBGJ2JRXKKH5OX3ZIW3OQJ/
sign-05;sign;5;Chinith;Chinith.zip;https://www.niccs.org.cn/niccs/Proposal/Public-Key%20Cryptographic%20Algorithms/Round%201%20candidates/Chinith.zip;https://www.niccs.org.cn/niccs/Round1Additional/pc/content/content_2101561076774162432.html;https://list.niccs.org.cn/archives/list/pkcforum@list.niccs.org.cn/thread/UBKP5VIJTAKEWQGN7R6C2UZ7OGW2XYRB/
sign-06;sign;6;COMPASS-SIG;COMPASS-SIG.zip;https://www.niccs.org.cn/niccs/Proposal/Public-Key%20Cryptographic%20Algorithms/Round%201%20candidates/COMPASS-SIG.zip;https://www.niccs.org.cn/niccs/Round1Additional/pc/content/content_2101561076912574464.html;https://list.niccs.org.cn/archives/list/pkcforum@list.niccs.org.cn/thread/FACKHS3U2WG66C763VRSC44CEH7NIYHY/
sign-07;sign;7;CS;CS.zip;https://www.niccs.org.cn/niccs/Proposal/Public-Key%20Cryptographic%20Algorithms/Round%201%20candidates/CS.zip;https://www.niccs.org.cn/niccs/Round1Additional/pc/content/content_2101561077046792192.html;https://list.niccs.org.cn/archives/list/pkcforum@list.niccs.org.cn/thread/6Y7RS3WZHP5HOVGHOSW64T4DZNPSAXDS/
sign-08;sign;8;DARTS;DARTS.zip;https://www.niccs.org.cn/niccs/Proposal/Public-Key%20Cryptographic%20Algorithms/Round%201%20candidates/DARTS.zip;https://www.niccs.org.cn/niccs/Round1Additional/pc/content/content_2101561077176815616.html;https://list.niccs.org.cn/archives/list/pkcforum@list.niccs.org.cn/thread/ZTVJHAUOCD3ZU4J72AMG3EDEZUDRR52Q/
sign-09;sign;9;DOVE;DOVE.zip;https://www.niccs.org.cn/niccs/Proposal/Public-Key%20Cryptographic%20Algorithms/Round%201%20candidates/DOVE.zip;https://www.niccs.org.cn/niccs/Round1Additional/pc/content/content_2101561077311033344.html;https://list.niccs.org.cn/archives/list/pkcforum@list.niccs.org.cn/thread/PK36WEI2O5J6TBSBL5MRRDYPATRYYPIT/
sign-10;sign;10;Facto-DSA;Facto-DSA.zip;https://www.niccs.org.cn/niccs/Proposal/Public-Key%20Cryptographic%20Algorithms/Round%201%20candidates/Facto-DSA.zip;https://www.niccs.org.cn/niccs/Round1Additional/pc/content/content_2101561077457833984.html;https://list.niccs.org.cn/archives/list/pkcforum@list.niccs.org.cn/thread/X63HQQDTUFPQQGA4DJAHSAISTNYZUVC6/
sign-11;sign;11;FlexTree;Flextree.zip;https://www.niccs.org.cn/niccs/Proposal/Public-Key%20Cryptographic%20Algorithms/Round%201%20candidates/Flextree.zip;https://www.niccs.org.cn/niccs/Round1Additional/pc/content/content_2101561077587857408.html;https://list.niccs.org.cn/archives/list/pkcforum@list.niccs.org.cn/thread/5DSK4DF2SIKI6RNI6NC5RYXOJG73DMAJ/
sign-12;sign;12;Galas Signature Scheme;Galas Signature.zip;https://www.niccs.org.cn/niccs/Proposal/Public-Key%20Cryptographic%20Algorithms/Round%201%20candidates/Galas%20Signature.zip;https://www.niccs.org.cn/niccs/Round1Additional/pc/content/content_2101561077713686528.html;https://list.niccs.org.cn/archives/list/pkcforum@list.niccs.org.cn/thread/3FJV2IP2L5BFKAPR364ISD45Z7UJBJUY/
sign-13;sign;13;GreatWall Signature Algorithm;GreatWall.zip;https://www.niccs.org.cn/niccs/Proposal/Public-Key%20Cryptographic%20Algorithms/Round%201%20candidates/GreatWall.zip;https://www.niccs.org.cn/niccs/Round1Additional/pc/content/content_2101561077852098560.html;https://list.niccs.org.cn/archives/list/pkcforum@list.niccs.org.cn/thread/5IGQ6ZDNGTS7TSTFXE3PFVHHJL7BM2LJ/
sign-14;sign;14;Lynxer;Lynxer.zip;https://www.niccs.org.cn/niccs/Proposal/Public-Key%20Cryptographic%20Algorithms/Round%201%20candidates/Lynxer.zip;https://www.niccs.org.cn/niccs/Round1Additional/pc/content/content_2101561077990510592.html;https://list.niccs.org.cn/archives/list/pkcforum@list.niccs.org.cn/thread/A3VK2RZD6XCJB5YBKZN2OSDSYMSVFUL6/
sign-15;sign;15;MORNING-ATLAS;MORNING-ATLAS.zip;https://www.niccs.org.cn/niccs/Proposal/Public-Key%20Cryptographic%20Algorithms/Round%201%20candidates/MORNING-ATLAS.zip;https://www.niccs.org.cn/niccs/Round1Additional/pc/content/content_2101561078120534016.html;https://list.niccs.org.cn/archives/list/pkcforum@list.niccs.org.cn/thread/WOOBB3WCRHGVXKSTYQBTVMTW6HKPMX2U/
sign-16;sign;16;Octarine;Octarine.zip;https://www.niccs.org.cn/niccs/Proposal/Public-Key%20Cryptographic%20Algorithms/Round%201%20candidates/Octarine.zip;https://www.niccs.org.cn/niccs/Round1Additional/pc/content/content_2101561078258946048.html;https://list.niccs.org.cn/archives/list/pkcforum@list.niccs.org.cn/thread/J32MD6K6AUGKHVUOZX6M4OJHWNPNCLWQ/
sign-17;sign;17;OPS Digital Signature Algorithm;OPS Digital Signature Algorithm.zip;https://www.niccs.org.cn/niccs/Proposal/Public-Key%20Cryptographic%20Algorithms/Round%201%20candidates/OPS%20Digital%20Signature%20Algorithm.zip;https://www.niccs.org.cn/niccs/Round1Additional/pc/content/content_2101561086848880640.html;https://list.niccs.org.cn/archives/list/pkcforum@list.niccs.org.cn/thread/PPO3KFSJJPUVKQEVPCPOP3A3IL2DRHOQ/
sign-18;sign;18;Origami;Origami.zip;https://www.niccs.org.cn/niccs/Proposal/Public-Key%20Cryptographic%20Algorithms/Round%201%20candidates/Origami.zip;https://www.niccs.org.cn/niccs/Round1Additional/pc/content/content_2101561086978904064.html;https://list.niccs.org.cn/archives/list/pkcforum@list.niccs.org.cn/thread/7Z47WGTALXYFJS5YRRGDL65NJUG3CU56/
sign-19;sign;19;Phoenix;Phoenix.zip;https://www.niccs.org.cn/niccs/Proposal/Public-Key%20Cryptographic%20Algorithms/Round%201%20candidates/Phoenix.zip;https://www.niccs.org.cn/niccs/Round1Additional/pc/content/content_2101561087113121792.html;https://list.niccs.org.cn/archives/list/pkcforum@list.niccs.org.cn/thread/M3XAI6VRCGWEXYF5YOYXWH25JFDYAWVZ/
sign-20;sign;20;Qing Luan;QingLuan.zip;https://www.niccs.org.cn/niccs/Proposal/Public-Key%20Cryptographic%20Algorithms/Round%201%20candidates/QingLuan.zip;https://www.niccs.org.cn/niccs/Round1Additional/pc/content/content_2101561087243145216.html;https://list.niccs.org.cn/archives/list/pkcforum@list.niccs.org.cn/thread/UAEOBUIJPNMH5ZQ4OCYNAGCGAOYZGEAP/
sign-21;sign;21;ReSolveD-ɑ;ReSolveD-alpha.zip;https://www.niccs.org.cn/niccs/Proposal/Public-Key%20Cryptographic%20Algorithms/Round%201%20candidates/ReSolveD-alpha.zip;https://www.niccs.org.cn/niccs/Round1Additional/pc/content/content_2101561087368974336.html;https://list.niccs.org.cn/archives/list/pkcforum@list.niccs.org.cn/thread/HRQJE3Z4ZZYQD6SSCLYV45QWSGLIX4YR/
sign-22;sign;22;Rhyme;Rhyme.zip;https://www.niccs.org.cn/niccs/Proposal/Public-Key%20Cryptographic%20Algorithms/Round%201%20candidates/Rhyme.zip;https://www.niccs.org.cn/niccs/Round1Additional/pc/content/content_2101561095950520320.html;https://list.niccs.org.cn/archives/list/pkcforum@list.niccs.org.cn/thread/AJJF7BH7DV3KC4Q43KDVGU2XIPXRJ7KH/
sign-23;sign;23;Shuttle;shuttle.zip;https://www.niccs.org.cn/niccs/Proposal/Public-Key%20Cryptographic%20Algorithms/Round%201%20candidates/shuttle.zip;https://www.niccs.org.cn/niccs/Round1Additional/pc/content/content_2101561096101515264.html;https://list.niccs.org.cn/archives/list/pkcforum@list.niccs.org.cn/thread/AOAU5JIQQTIQYH7LGFPMDI4EQAVDJM2C/
sign-24;sign;24;Sigurd;Sigurd.zip;https://www.niccs.org.cn/niccs/Proposal/Public-Key%20Cryptographic%20Algorithms/Round%201%20candidates/Sigurd.zip;https://www.niccs.org.cn/niccs/Round1Additional/pc/content/content_2101561096235732992.html;https://list.niccs.org.cn/archives/list/pkcforum@list.niccs.org.cn/thread/A5LWDR4WYSLBQA55PEDVM5GTWL4SWJFH/
sign-25;sign;25;SQIsign2D2;SQIsign2D2.zip;https://www.niccs.org.cn/niccs/Proposal/Public-Key%20Cryptographic%20Algorithms/Round%201%20candidates/SQIsign2D2.zip;https://www.niccs.org.cn/niccs/Round1Additional/pc/content/content_2101561096361562112.html;https://list.niccs.org.cn/archives/list/pkcforum@list.niccs.org.cn/thread/PXELFI4WKOOCWZAZGVWEN4TJWJUTMRU4/
sign-26;sign;26;SQIsign2D-push1/2;SQIsign2D-push12.zip;https://www.niccs.org.cn/niccs/Proposal/Public-Key%20Cryptographic%20Algorithms/Round%201%20candidates/SQIsign2D-push12.zip;https://www.niccs.org.cn/niccs/Round1Additional/pc/content/content_2101561096483196928.html;https://list.niccs.org.cn/archives/list/pkcforum@list.niccs.org.cn/thread/55H26TSNYGPQZRBE3NGNQVIDCPCUPI6Q/
sign-27;sign;27;SQIsignTriangle;SQIsignTriangle.zip;https://www.niccs.org.cn/niccs/Proposal/Public-Key%20Cryptographic%20Algorithms/Round%201%20candidates/SQIsignTriangle.zip;https://www.niccs.org.cn/niccs/Round1Additional/pc/content/content_2101561096613220352.html;https://list.niccs.org.cn/archives/list/pkcforum@list.niccs.org.cn/thread/463HDEM6EQ3FHMKNIT7LOT5T7CW7J7SJ/
sign-28;sign;28;SYDO;SYDO.zip;https://www.niccs.org.cn/niccs/Proposal/Public-Key%20Cryptographic%20Algorithms/Round%201%20candidates/SYDO.zip;https://www.niccs.org.cn/niccs/Round1Additional/pc/content/content_2101561105194766336.html;https://list.niccs.org.cn/archives/list/pkcforum@list.niccs.org.cn/thread/F43FXLI3CJE33FWEIS6NUFNDL4VVJUUL/
sign-29;sign;29;Tins;Tins.zip;https://www.niccs.org.cn/niccs/Proposal/Public-Key%20Cryptographic%20Algorithms/Round%201%20candidates/Tins.zip;https://www.niccs.org.cn/niccs/Round1Additional/pc/content/content_2101561105320595456.html;https://list.niccs.org.cn/archives/list/pkcforum@list.niccs.org.cn/thread/3LQUXPLSYUUHSKU4QWDFI6C3O4H3GXKF/
sign-30;sign;30;TRINE;TRINE.zip;https://www.niccs.org.cn/niccs/Proposal/Public-Key%20Cryptographic%20Algorithms/Round%201%20candidates/TRINE.zip;https://www.niccs.org.cn/niccs/Round1Additional/pc/content/content_2101561105463201792.html;https://list.niccs.org.cn/archives/list/pkcforum@list.niccs.org.cn/thread/PHFOUHYOCTA42ALMCBKHF5JLD2HQGVXV/
sign-31;sign;31;TSUOV;TSUOV.zip;https://www.niccs.org.cn/niccs/Proposal/Public-Key%20Cryptographic%20Algorithms/Round%201%20candidates/TSUOV.zip;https://www.niccs.org.cn/niccs/Round1Additional/pc/content/content_2101561105597419520.html;https://list.niccs.org.cn/archives/list/pkcforum@list.niccs.org.cn/thread/BP4QW5XTWWAJOCTHWK64Z6L3LTCXEWIA/
sign-32;sign;32;UVW signature;UVW signature.zip;https://www.niccs.org.cn/niccs/Proposal/Public-Key%20Cryptographic%20Algorithms/Round%201%20candidates/UVW%20signature.zip;https://www.niccs.org.cn/niccs/Round1Additional/pc/content/content_2101561105735831552.html;https://list.niccs.org.cn/archives/list/pkcforum@list.niccs.org.cn/thread/KYXKYDE5L3DXFKASFNILENQKW4V73JXN/
sign-33;sign;33;VDOO: Vinegar-Diagonal-Oil-Oil;VDOO.zip;https://www.niccs.org.cn/niccs/Proposal/Public-Key%20Cryptographic%20Algorithms/Round%201%20candidates/VDOO.zip;https://www.niccs.org.cn/niccs/Round1Additional/pc/content/content_2101561114325766144.html;https://list.niccs.org.cn/archives/list/pkcforum@list.niccs.org.cn/thread/X2VGTA5L2EJJASOPF5TYJI2GAXDIO677/
sign-34;sign;34;YuanYang.DSA;YuanYang.DSA.zip;https://www.niccs.org.cn/niccs/Proposal/Public-Key%20Cryptographic%20Algorithms/Round%201%20candidates/YuanYang.DSA.zip;https://www.niccs.org.cn/niccs/Round1Additional/pc/content/content_2101561114459983872.html;https://list.niccs.org.cn/archives/list/pkcforum@list.niccs.org.cn/thread/F2PXVI3WBEN5VAK7XPPPHV6MXXALAKFG/
kem-01;kem;1;Aigis-Enc+;Aigis-Enc+.zip;https://www.niccs.org.cn/niccs/Proposal/Public-Key%20Cryptographic%20Algorithms/Round%201%20candidates/Aigis-Enc%2B.zip;https://www.niccs.org.cn/niccs/Round1Additional/pc/content/content_2101560842975268864.html;https://list.niccs.org.cn/archives/list/pkcforum@list.niccs.org.cn/thread/HDMMQKVT6UFDKT56DVYCAUBTQ5GWSIFJ/
kem-02;kem;2;Amoeba;Amoeba.zip;https://www.niccs.org.cn/niccs/Proposal/Public-Key%20Cryptographic%20Algorithms/Round%201%20candidates/Amoeba.zip;https://www.niccs.org.cn/niccs/Round1Additional/pc/content/content_2101560843117875200.html;https://list.niccs.org.cn/archives/list/pkcforum@list.niccs.org.cn/thread/OXTBKIPREWPX4YRV4BLRMLWND4R4DLTO/
kem-03;kem;3;BAG-Loong;BAG-Loong.zip;https://www.niccs.org.cn/niccs/Proposal/Public-Key%20Cryptographic%20Algorithms/Round%201%20candidates/BAG-Loong.zip;https://www.niccs.org.cn/niccs/Round1Additional/pc/content/content_2101560843247898624.html;https://list.niccs.org.cn/archives/list/pkcforum@list.niccs.org.cn/thread/RIQCA4YWQIPGGI2BOXRMFEYCCHTY3NQY/
kem-04;kem;4;BAG-Piglet;BAG-Piglet.zip;https://www.niccs.org.cn/niccs/Proposal/Public-Key%20Cryptographic%20Algorithms/Round%201%20candidates/BAG-Piglet.zip;https://www.niccs.org.cn/niccs/Round1Additional/pc/content/content_2101560843373727744.html;https://list.niccs.org.cn/archives/list/pkcforum@list.niccs.org.cn/thread/QUDRCTIJQVCLQNOYCZKNQYUMZO7PPPF6/
kem-05;kem;5;BIKE-MLThre;BIKE_MLThre.zip;https://www.niccs.org.cn/niccs/Proposal/Public-Key%20Cryptographic%20Algorithms/Round%201%20candidates/BIKE_MLThre.zip;https://www.niccs.org.cn/niccs/Round1Additional/pc/content/content_2101560843495362560.html;https://list.niccs.org.cn/archives/list/pkcforum@list.niccs.org.cn/thread/VMTRVK2D2DWBOKLWZHLFNQWRZB7USMUQ/
kem-06;kem;6;BRA;BRA.zip;https://www.niccs.org.cn/niccs/Proposal/Public-Key%20Cryptographic%20Algorithms/Round%201%20candidates/BRA.zip;https://www.niccs.org.cn/niccs/Round1Additional/pc/content/content_2101560843625385984.html;https://list.niccs.org.cn/archives/list/pkcforum@list.niccs.org.cn/thread/MDYQUVS5YFRUAGZJAZIJFIUTX7THNM6O/
kem-07;kem;7;BRQC;BRQC.zip;https://www.niccs.org.cn/niccs/Proposal/Public-Key%20Cryptographic%20Algorithms/Round%201%20candidates/BRQC.zip;https://www.niccs.org.cn/niccs/Round1Additional/pc/content/content_2101560843751215104.html;https://list.niccs.org.cn/archives/list/pkcforum@list.niccs.org.cn/thread/LA7GLQRH3VS64ISSPP6BPZ6QR75PAOVA/
kem-08;kem;8;BW-KEM;BW-KEM.zip;https://www.niccs.org.cn/niccs/Proposal/Public-Key%20Cryptographic%20Algorithms/Round%201%20candidates/BW-KEM.zip;https://www.niccs.org.cn/niccs/Round1Additional/pc/content/content_2101560843877044224.html;https://list.niccs.org.cn/archives/list/pkcforum@list.niccs.org.cn/thread/WBK2RG2XR5VZVITNS53TVFJDBGER7T7P/
kem-09;kem;9;CheetahKEM;CheetahKEM.zip;https://www.niccs.org.cn/niccs/Proposal/Public-Key%20Cryptographic%20Algorithms/Round%201%20candidates/CheetahKEM.zip;https://www.niccs.org.cn/niccs/Round1Additional/pc/content/content_2101560844002873344.html;https://list.niccs.org.cn/archives/list/pkcforum@list.niccs.org.cn/thread/3OMMI24JGKESHSRUVA5NJANKRHTQY7RM/
kem-10;kem;10;C-Multi-UR-AG;C-Multi-UR-AG.zip;https://www.niccs.org.cn/niccs/Proposal/Public-Key%20Cryptographic%20Algorithms/Round%201%20candidates/C-Multi-UR-AG.zip;https://www.niccs.org.cn/niccs/Round1Additional/pc/content/content_2101560844149673984.html;https://list.niccs.org.cn/archives/list/pkcforum@list.niccs.org.cn/thread/CDFH64HLL4OC7ABIDEASAHDTDQI4O3RU/
kem-11;kem;11;COMPASS-KEM;COMPASS-KEM.zip;https://www.niccs.org.cn/niccs/Proposal/Public-Key%20Cryptographic%20Algorithms/Round%201%20candidates/COMPASS-KEM.zip;https://www.niccs.org.cn/niccs/Round1Additional/pc/content/content_2101560844283891712.html;https://list.niccs.org.cn/archives/list/pkcforum@list.niccs.org.cn/thread/3ZXFAPIPIO3CVJHCQJ5AQ44UNTBIY4OP/
kem-12;kem;12;CTL Algorithm;CTL.zip;https://www.niccs.org.cn/niccs/Proposal/Public-Key%20Cryptographic%20Algorithms/Round%201%20candidates/CTL.zip;https://www.niccs.org.cn/niccs/Round1Additional/pc/content/content_2101560844426498048.html;https://list.niccs.org.cn/archives/list/pkcforum@list.niccs.org.cn/thread/XYXBZWLCJXTUZTNUFJCPYLEST5CC56AI/
kem-13;kem;13;DKEM (Ding Key Encapsulation);DKEM.zip;https://www.niccs.org.cn/niccs/Proposal/Public-Key%20Cryptographic%20Algorithms/Round%201%20candidates/DKEM.zip;https://www.niccs.org.cn/niccs/Round1Additional/pc/content/content_2101560844552327168.html;https://list.niccs.org.cn/archives/list/pkcforum@list.niccs.org.cn/thread/RW5BIIFSPEM2HFHQ4N226TMBIRZ7TXF5/
kem-14;kem;14;DTRU;DTRU.zip;https://www.niccs.org.cn/niccs/Proposal/Public-Key%20Cryptographic%20Algorithms/Round%201%20candidates/DTRU.zip;https://www.niccs.org.cn/niccs/Round1Additional/pc/content/content_2101560844682350592.html;https://list.niccs.org.cn/archives/list/pkcforum@list.niccs.org.cn/thread/7OIHLWTGECH3FYCUM3BEBJDAHMMLZRZK/
kem-15;kem;15;FLIT;FLIT.zip;https://www.niccs.org.cn/niccs/Proposal/Public-Key%20Cryptographic%20Algorithms/Round%201%20candidates/FLIT.zip;https://www.niccs.org.cn/niccs/Round1Additional/pc/content/content_2101560844812374016.html;https://list.niccs.org.cn/archives/list/pkcforum@list.niccs.org.cn/thread/H6SZDCUAWCTVQD7QOP7XDVHAHGWXHKHZ/
kem-16;kem;16;HARE;HARE.zip;https://www.niccs.org.cn/niccs/Proposal/Public-Key%20Cryptographic%20Algorithms/Round%201%20candidates/HARE.zip;https://www.niccs.org.cn/niccs/Round1Additional/pc/content/content_2101560844942397440.html;https://list.niccs.org.cn/archives/list/pkcforum@list.niccs.org.cn/thread/2Q2SLLCRMEJ2FOLOTDPGM7IUUZKUPUKF/
kem-17;kem;17;Hybrid Equivalent Punctured and Quasi-Cyclic;HEP-QC.zip;https://www.niccs.org.cn/niccs/Proposal/Public-Key%20Cryptographic%20Algorithms/Round%201%20candidates/HEP-QC.zip;https://www.niccs.org.cn/niccs/Round1Additional/pc/content/content_2101560853532332032.html;https://list.niccs.org.cn/archives/list/pkcforum@list.niccs.org.cn/thread/2FLYI6DJUQ3YKJZXVGFFN4IQNPKXSHWU/
kem-18;kem;18;LoongKEM;LoongKEM.zip;https://www.niccs.org.cn/niccs/Proposal/Public-Key%20Cryptographic%20Algorithms/Round%201%20candidates/LoongKEM.zip;https://www.niccs.org.cn/niccs/Round1Additional/pc/content/content_2101560853666549760.html;https://list.niccs.org.cn/archives/list/pkcforum@list.niccs.org.cn/thread/G7IDTLL5NJ46PSNDO6ZVKFN5L4LPRS7N/
kem-19;kem;19;Lore;Lore.zip;https://www.niccs.org.cn/niccs/Proposal/Public-Key%20Cryptographic%20Algorithms/Round%201%20candidates/Lore.zip;https://www.niccs.org.cn/niccs/Round1Additional/pc/content/content_2101560853788184576.html;https://list.niccs.org.cn/archives/list/pkcforum@list.niccs.org.cn/thread/37LSSFEFLBIAAXOMJXYRFAAYG5DRNK4X/
kem-20;kem;20;MAMBA-Frost;MAMBA-Frost.zip;https://www.niccs.org.cn/niccs/Proposal/Public-Key%20Cryptographic%20Algorithms/Round%201%20candidates/MAMBA-Frost.zip;https://www.niccs.org.cn/niccs/Round1Additional/pc/content/content_2101560853918208000.html;https://list.niccs.org.cn/archives/list/pkcforum@list.niccs.org.cn/thread/DZASROHH4W6G64UKMRCCQJGQEUHQO4TC/
kem-21;kem;21;MAMBA-Viper;MAMBA-Viper.zip;https://www.niccs.org.cn/niccs/Proposal/Public-Key%20Cryptographic%20Algorithms/Round%201%20candidates/MAMBA-Viper.zip;https://www.niccs.org.cn/niccs/Round1Additional/pc/content/content_2101560854052425728.html;https://list.niccs.org.cn/archives/list/pkcforum@list.niccs.org.cn/thread/GVM4FAYEOQ7SAF5BDM6SKPLOTA547A5X/
kem-22;kem;22;Mithril;Mithril.zip;https://www.niccs.org.cn/niccs/Proposal/Public-Key%20Cryptographic%20Algorithms/Round%201%20candidates/Mithril.zip;https://www.niccs.org.cn/niccs/Round1Additional/pc/content/content_2101560862650748928.html;https://list.niccs.org.cn/archives/list/pkcforum@list.niccs.org.cn/thread/Z26K5NHQNMT4NHBNWZT7G6IZVVRCCZKO/
kem-23;kem;23;Mito;Mito.zip;https://www.niccs.org.cn/niccs/Proposal/Public-Key%20Cryptographic%20Algorithms/Round%201%20candidates/Mito.zip;https://www.niccs.org.cn/niccs/Round1Additional/pc/content/content_2101560862776578048.html;https://list.niccs.org.cn/archives/list/pkcforum@list.niccs.org.cn/thread/NPRY7XDT2ABEJK5GBZS53L4FW7VDZYMZ/
kem-24;kem;24;MORNING-Scabbard;MORNING-Scabbard.zip;https://www.niccs.org.cn/niccs/Proposal/Public-Key%20Cryptographic%20Algorithms/Round%201%20candidates/MORNING-Scabbard.zip;https://www.niccs.org.cn/niccs/Round1Additional/pc/content/content_2101560862906601472.html;https://list.niccs.org.cn/archives/list/pkcforum@list.niccs.org.cn/thread/4KFYAFY5ZWKVT2D47LSNZP2LKIHBGPV7/
kem-25;kem;25;NEV;NEV.zip;https://www.niccs.org.cn/niccs/Proposal/Public-Key%20Cryptographic%20Algorithms/Round%201%20candidates/NEV.zip;https://www.niccs.org.cn/niccs/Round1Additional/pc/content/content_2101560863040819200.html;https://list.niccs.org.cn/archives/list/pkcforum@list.niccs.org.cn/thread/7ZYN5QNIORSGBY3FNOE3DNCO43KZRVJA/
kem-26;kem;26;NSS-HQC;NSS-HQC.zip;https://www.niccs.org.cn/niccs/Proposal/Public-Key%20Cryptographic%20Algorithms/Round%201%20candidates/NSS-HQC.zip;https://www.niccs.org.cn/niccs/Round1Additional/pc/content/content_2101560863191814144.html;https://list.niccs.org.cn/archives/list/pkcforum@list.niccs.org.cn/thread/P63ZUXHRI7QQZJ3YC6QXJYUXNGF5MMCO/
kem-27;kem;27;NTRE Key Encapsulation Mechanism;NTRE.zip;https://www.niccs.org.cn/niccs/Proposal/Public-Key%20Cryptographic%20Algorithms/Round%201%20candidates/NTRE.zip;https://www.niccs.org.cn/niccs/Round1Additional/pc/content/content_2101560863326031872.html;https://list.niccs.org.cn/archives/list/pkcforum@list.niccs.org.cn/thread/XPRXBWG46LFNJ4SUOZOGZM44VNIUPO34/
kem-28;kem;28;OAEP-NTRU;OAEP-NTRU.zip;https://www.niccs.org.cn/niccs/Proposal/Public-Key%20Cryptographic%20Algorithms/Round%201%20candidates/OAEP-NTRU.zip;https://www.niccs.org.cn/niccs/Round1Additional/pc/content/content_2101560871911772160.html;https://list.niccs.org.cn/archives/list/pkcforum@list.niccs.org.cn/thread/LOTU4OB6M7NAVL5OSUGTQO3L35IVP4R2/
kem-29;kem;29;Polar-KEM;Polar-KEM.zip;https://www.niccs.org.cn/niccs/Proposal/Public-Key%20Cryptographic%20Algorithms/Round%201%20candidates/Polar-KEM.zip;https://www.niccs.org.cn/niccs/Round1Additional/pc/content/content_2101560872041795584.html;https://list.niccs.org.cn/archives/list/pkcforum@list.niccs.org.cn/thread/SUWKT64BKLBIPDQMHPOBL3FDM4MRPVBJ/
kem-30;kem;30;PolarLAC;PolarLAC.zip;https://www.niccs.org.cn/niccs/Proposal/Public-Key%20Cryptographic%20Algorithms/Round%201%20candidates/PolarLAC.zip;https://www.niccs.org.cn/niccs/Round1Additional/pc/content/content_2101560872180207616.html;https://list.niccs.org.cn/archives/list/pkcforum@list.niccs.org.cn/thread/VWVCIBQ3M7NQOWU25P7SY3XK3PCAJT4X/
kem-31;kem;31;QIMEN-PIKE;QIMEN-PIKE.zip;https://www.niccs.org.cn/niccs/Proposal/Public-Key%20Cryptographic%20Algorithms/Round%201%20candidates/QIMEN-PIKE.zip;https://www.niccs.org.cn/niccs/Round1Additional/pc/content/content_2101560872306036736.html;https://list.niccs.org.cn/archives/list/pkcforum@list.niccs.org.cn/thread/IRFTQQNWEALFDR27ZBMONU4M2KTRWQRS/
kem-32;kem;32;Quasi-Cyclic Twisted McEliece Key Encapsulation Mechanism;QCTM.zip;https://www.niccs.org.cn/niccs/Proposal/Public-Key%20Cryptographic%20Algorithms/Round%201%20candidates/QCTM.zip;https://www.niccs.org.cn/niccs/Round1Additional/pc/content/content_2101560872431865856.html;https://list.niccs.org.cn/archives/list/pkcforum@list.niccs.org.cn/thread/BKERBYXMUT27H3ZUTLBHCM7YJB5KVGZI/
kem-33;kem;33;QUBE;QUBE.zip;https://www.niccs.org.cn/niccs/Proposal/Public-Key%20Cryptographic%20Algorithms/Round%201%20candidates/QUBE.zip;https://www.niccs.org.cn/niccs/Round1Additional/pc/content/content_2101560881000828928.html;https://list.niccs.org.cn/archives/list/pkcforum@list.niccs.org.cn/thread/LVEV7LW46WHONQL6REREK4ZA7TWZT3RK/
kem-34;kem;34;Rudraksh2;Rudraksh2.zip;https://www.niccs.org.cn/niccs/Proposal/Public-Key%20Cryptographic%20Algorithms/Round%201%20candidates/Rudraksh2.zip;https://www.niccs.org.cn/niccs/Round1Additional/pc/content/content_2101560881139240960.html;https://list.niccs.org.cn/archives/list/pkcforum@list.niccs.org.cn/thread/A35C2JZDLERYJNKGAUECZ73T5Y64LCPT/
kem-35;kem;35;Scloud+;Scloud+.zip;https://www.niccs.org.cn/niccs/Proposal/Public-Key%20Cryptographic%20Algorithms/Round%201%20candidates/Scloud%2B.zip;https://www.niccs.org.cn/niccs/Round1Additional/pc/content/content_2101560881269264384.html;https://list.niccs.org.cn/archives/list/pkcforum@list.niccs.org.cn/thread/KZFYINTQPUTXVATTIXUONZ63TGNGQQ55/
kem-36;kem;36;TRIKE;TRIKE.zip;https://www.niccs.org.cn/niccs/Proposal/Public-Key%20Cryptographic%20Algorithms/Round%201%20candidates/TRIKE.zip;https://www.niccs.org.cn/niccs/Round1Additional/pc/content/content_2101560881424453632.html;https://list.niccs.org.cn/archives/list/pkcforum@list.niccs.org.cn/thread/MFS7WQ3ZYDSMM4PIFN32QGZQ26BB4TGX/
kem-37;kem;37;TriQ-KEM;TriQ-KEM.zip;https://www.niccs.org.cn/niccs/Proposal/Public-Key%20Cryptographic%20Algorithms/Round%201%20candidates/TriQ-KEM.zip;https://www.niccs.org.cn/niccs/Round1Additional/pc/content/content_2101560881558671360.html;https://list.niccs.org.cn/archives/list/pkcforum@list.niccs.org.cn/thread/BKY3EZYVJHKKT2RJKK2IRE2X5V4UN4HO/
kem-38;kem;38;UVW Key Encapsulation Mechanism;UVW-KEM.zip;https://www.niccs.org.cn/niccs/Proposal/Public-Key%20Cryptographic%20Algorithms/Round%201%20candidates/UVW-KEM.zip;https://www.niccs.org.cn/niccs/Round1Additional/pc/content/content_2101560881697083392.html;https://list.niccs.org.cn/archives/list/pkcforum@list.niccs.org.cn/thread/2N7FVNDINZAC7ZES4OC5GGHIGPQVPCWL/
kem-39;kem;39;Weaver;Weaver.zip;https://www.niccs.org.cn/niccs/Proposal/Public-Key%20Cryptographic%20Algorithms/Round%201%20candidates/Weaver.zip;https://www.niccs.org.cn/niccs/Round1Additional/pc/content/content_2101560890312183808.html;https://list.niccs.org.cn/archives/list/pkcforum@list.niccs.org.cn/thread/OMIKZ7ZL4FLNNUIVD7CK7D4CGYJ5L3AD/
kem-40;kem;40;YuanYang.KEM;YuanYang.KEM.zip;https://www.niccs.org.cn/niccs/Proposal/Public-Key%20Cryptographic%20Algorithms/Round%201%20candidates/YuanYang.KEM.zip;https://www.niccs.org.cn/niccs/Round1Additional/pc/content/content_2101560890442207232.html;https://list.niccs.org.cn/archives/list/pkcforum@list.niccs.org.cn/thread/JL5OIS2NICCPYKQGQWMHLTWTGEDK2OCW/
kem-41;kem;41;ZEN;ZEN.zip;https://www.niccs.org.cn/niccs/Proposal/Public-Key%20Cryptographic%20Algorithms/Round%201%20candidates/ZEN.zip;https://www.niccs.org.cn/niccs/Round1Additional/pc/content/content_2101560890563842048.html;https://list.niccs.org.cn/archives/list/pkcforum@list.niccs.org.cn/thread/36OAZIFVEG3DLVR3ZU3TWYDA6KXOKN3T/
kex-01;kex;1;ADKEX (Authenticated Ding Key Exchange);ADKEX.zip;https://www.niccs.org.cn/niccs/Proposal/Public-Key%20Cryptographic%20Algorithms/Round%201%20candidates/ADKEX.zip;https://www.niccs.org.cn/niccs/Round1Additional/pc/content/content_2101560625202810880.html;https://list.niccs.org.cn/archives/list/pkcforum@list.niccs.org.cn/thread/P4IG2W7BMLGEJGJGAYY73XAEE32GLCAJ/
kex-02;kex;2;AFS-KEX;AFS-KEX.zip;https://www.niccs.org.cn/niccs/Proposal/Public-Key%20Cryptographic%20Algorithms/Round%201%20candidates/AFS-KEX.zip;https://www.niccs.org.cn/niccs/Round1Additional/pc/content/content_2101560625362194432.html;https://list.niccs.org.cn/archives/list/pkcforum@list.niccs.org.cn/thread/ASJ42PGKD4VB5HP3LPBE22CN2FKALES7/
kex-03;kex;3;CreTAKE;CreTAKE.zip;https://www.niccs.org.cn/niccs/Proposal/Public-Key%20Cryptographic%20Algorithms/Round%201%20candidates/CreTAKE.zip;https://www.niccs.org.cn/niccs/Round1Additional/pc/content/content_2101560625517383680.html;https://list.niccs.org.cn/archives/list/pkcforum@list.niccs.org.cn/thread/MIGUBFHREZ7R2KKULIIKQEU23BVFG3BX/
kex-04;kex;4;DKEX (Ding Key Exchange);DKEX.zip;https://www.niccs.org.cn/niccs/Proposal/Public-Key%20Cryptographic%20Algorithms/Round%201%20candidates/DKEX.zip;https://www.niccs.org.cn/niccs/Round1Additional/pc/content/content_2101560625651601408.html;https://list.niccs.org.cn/archives/list/pkcforum@list.niccs.org.cn/thread/KC65HII7OYTVC6FOA5CNNGEQFDCLFZEW/
kex-05;kex;5;Loom;Loom.zip;https://www.niccs.org.cn/niccs/Proposal/Public-Key%20Cryptographic%20Algorithms/Round%201%20candidates/Loom.zip;https://www.niccs.org.cn/niccs/Round1Additional/pc/content/content_2101560625773236224.html;https://list.niccs.org.cn/archives/list/pkcforum@list.niccs.org.cn/thread/QD663UPHHV3JOP7IEQUTEESR4LCALIDJ/
kex-06;kex;6;MAMBA-NIKE;MAMBA-NIKE.zip;https://www.niccs.org.cn/niccs/Proposal/Public-Key%20Cryptographic%20Algorithms/Round%201%20candidates/MAMBA-NIKE.zip;https://www.niccs.org.cn/niccs/Round1Additional/pc/content/content_2101560625907453952.html;https://list.niccs.org.cn/archives/list/pkcforum@list.niccs.org.cn/thread/75NMUIOPYDJXY5WRYIBQ6FET6Z57UMPG/
kex-07;kex;7;NEV-AKE;NEV-AKE.zip;https://www.niccs.org.cn/niccs/Proposal/Public-Key%20Cryptographic%20Algorithms/Round%201%20candidates/NEV-AKE.zip;https://www.niccs.org.cn/niccs/Round1Additional/pc/content/content_2101560626045865984.html;https://list.niccs.org.cn/archives/list/pkcforum@list.niccs.org.cn/thread/VIYUCIMGK6I63JRWXBAM6FJ7U2XLGB5V/
kex-08;kex;8;NIIKE;NIIKE.zip;https://www.niccs.org.cn/niccs/Proposal/Public-Key%20Cryptographic%20Algorithms/Round%201%20candidates/NIIKE.zip;https://www.niccs.org.cn/niccs/Round1Additional/pc/content/content_2101560626184278016.html;https://list.niccs.org.cn/archives/list/pkcforum@list.niccs.org.cn/thread/6WRSHMUQOXTR62HBG3HEUHZEIYAIROLO/
kex-09;kex;9;TriQ-KEX;TriQ-KEX.zip;https://www.niccs.org.cn/niccs/Proposal/Public-Key%20Cryptographic%20Algorithms/Round%201%20candidates/TriQ-KEX.zip;https://www.niccs.org.cn/niccs/Round1Additional/pc/content/content_2101560626335272960.html;https://list.niccs.org.cn/archives/list/pkcforum@list.niccs.org.cn/thread/Y7MZTLMKIGHUVZCNIUAJQA33K4KU427Q/
hash-01;hash;1;AFS-TrEDM;AFS-TrEDM.zip;https://www.niccs.org.cn/niccs/Proposal/Cryptographic%20Hash%20Algorithms/Round%201%20candidates/AFS-TrEDM.zip;https://www.niccs.org.cn/niccs/Round1Submissions4/pc/content/content_2101541113569038336.html;https://list.niccs.org.cn/archives/list/crypthashforum@list.niccs.org.cn/thread/36VUFHXCZDKQBBHVVFIYC6FKESOPX4YW/
hash-02;hash;2;AXIS: Advanced eXpandable Iterative Stream-based Hash;AXIS.zip;https://www.niccs.org.cn/niccs/Proposal/Cryptographic%20Hash%20Algorithms/Round%201%20candidates/AXIS.zip;https://www.niccs.org.cn/niccs/Round1Submissions4/pc/content/content_2101540899009417216.html;https://list.niccs.org.cn/archives/list/crypthashforum@list.niccs.org.cn/thread/NJ2KYT7M2K27GQ3PW4DSQFWVUHQN77XP/
hash-03;hash;3;C Hash;C Hash.zip;https://www.niccs.org.cn/niccs/Proposal/Cryptographic%20Hash%20Algorithms/Round%201%20candidates/C%20Hash.zip;https://www.niccs.org.cn/niccs/Round1Submissions4/pc/content/content_2101540728942972928.html;https://list.niccs.org.cn/archives/list/crypthashforum@list.niccs.org.cn/thread/XYKKUFJ36W3IL5TPMZH4AEMBEABVUOTC/
hash-04;hash;4;CHAMP;CHAMP.zip;https://www.niccs.org.cn/niccs/Proposal/Cryptographic%20Hash%20Algorithms/Round%201%20candidates/CHAMP.zip;https://www.niccs.org.cn/niccs/Round1Submissions4/pc/content/content_2101540375996485632.html;https://list.niccs.org.cn/archives/list/crypthashforum@list.niccs.org.cn/thread/3TE6PYI75TISXJLDPZMLKZA7LWQFN65T/
hash-05;hash;5;Cryptographic Hash Algorithm uHash;uHash.zip;https://www.niccs.org.cn/niccs/Proposal/Cryptographic%20Hash%20Algorithms/Round%201%20candidates/uHash.zip;https://www.niccs.org.cn/niccs/Round1Submissions4/pc/content/content_2101540182026702848.html;https://list.niccs.org.cn/archives/list/crypthashforum@list.niccs.org.cn/thread/PJBXP5ZSNXY53QD65TOHHJJ3RRNUDIJW/
hash-06;hash;6;Cuishen;Cuishen.zip;https://www.niccs.org.cn/niccs/Proposal/Cryptographic%20Hash%20Algorithms/Round%201%20candidates/Cuishen.zip;https://www.niccs.org.cn/niccs/Round1Submissions4/pc/content/content_2101539989910802432.html;https://list.niccs.org.cn/archives/list/crypthashforum@list.niccs.org.cn/thread/IP4CTL2M7FCO5VWURTQPRWSQL2S6NGBM/
hash-07;hash;7;Dragon Hash Family;Dragon.zip;https://www.niccs.org.cn/niccs/Proposal/Cryptographic%20Hash%20Algorithms/Round%201%20candidates/Dragon.zip;https://www.niccs.org.cn/niccs/Round1Submissions4/pc/content/content_2101539781751689216.html;https://list.niccs.org.cn/archives/list/crypthashforum@list.niccs.org.cn/thread/GRAHTRUNRC25N7P5QVCBH7CZG47REYZS/
hash-08;hash;8;Duet;Duet.zip;https://www.niccs.org.cn/niccs/Proposal/Cryptographic%20Hash%20Algorithms/Round%201%20candidates/Duet.zip;https://www.niccs.org.cn/niccs/Round1Submissions4/pc/content/content_2101539583977672704.html;https://list.niccs.org.cn/archives/list/crypthashforum@list.niccs.org.cn/thread/DECRRZ5VIRKY42AJKSDHSLSMJ37VTMEZ/
hash-09;hash;9;Eijen Hash Function;Eijen.zip;https://www.niccs.org.cn/niccs/Proposal/Cryptographic%20Hash%20Algorithms/Round%201%20candidates/Eijen.zip;https://www.niccs.org.cn/niccs/Round1Submissions4/pc/content/content_2101539361927024640.html;https://list.niccs.org.cn/archives/list/crypthashforum@list.niccs.org.cn/thread/KR4LALA6ZJUKABHL7YG3J2NIB52GD3DB/
hash-10;hash;10;FEILIAN;FEILIAN.zip;https://www.niccs.org.cn/niccs/Proposal/Cryptographic%20Hash%20Algorithms/Round%201%20candidates/FEILIAN.zip;https://www.niccs.org.cn/niccs/Round1Submissions4/pc/content/content_2101539111250251776.html;https://list.niccs.org.cn/archives/list/crypthashforum@list.niccs.org.cn/thread/4D24Y4RP53J5D3EJQXHTVGV3G6KEHYPU/
hash-11;hash;11;Garnet;Garnet.zip;https://www.niccs.org.cn/niccs/Proposal/Cryptographic%20Hash%20Algorithms/Round%201%20candidates/Garnet.zip;https://www.niccs.org.cn/niccs/Round1Submissions4/pc/content/content_2101538925484527616.html;https://list.niccs.org.cn/archives/list/crypthashforum@list.niccs.org.cn/thread/IWW562OB2444THRR35NU7SC4BJ36RCEB/
hash-12;hash;12;Iphe;Iphe.zip;https://www.niccs.org.cn/niccs/Proposal/Cryptographic%20Hash%20Algorithms/Round%201%20candidates/Iphe.zip;https://www.niccs.org.cn/niccs/Round1Submissions4/pc/content/content_2101538722543128576.html;https://list.niccs.org.cn/archives/list/crypthashforum@list.niccs.org.cn/thread/4TCWOUZPSGUF64OZB233TLP7LCTHMOBJ/
hash-13;hash;13;JuziHash;Juzi.zip;https://www.niccs.org.cn/niccs/Proposal/Cryptographic%20Hash%20Algorithms/Round%201%20candidates/Juzi.zip;https://www.niccs.org.cn/niccs/Round1Submissions4/pc/content/content_2101538489901862912.html;https://list.niccs.org.cn/archives/list/crypthashforum@list.niccs.org.cn/thread/NJOSQLJPTQP4OE7EBJ3QG7GEWQRSMRRT/
hash-14;hash;14;Laurus;Laurus.zip;https://www.niccs.org.cn/niccs/Proposal/Cryptographic%20Hash%20Algorithms/Round%201%20candidates/Laurus.zip;https://www.niccs.org.cn/niccs/Round1Submissions4/pc/content/content_2101538290232020992.html;https://list.niccs.org.cn/archives/list/crypthashforum@list.niccs.org.cn/thread/VJG4SFOG7O7OE3IUCLMXGLMI5DVCITWP/
hash-15;hash;15;Litchi;Litchi.zip;https://www.niccs.org.cn/niccs/Proposal/Cryptographic%20Hash%20Algorithms/Round%201%20candidates/Litchi.zip;https://www.niccs.org.cn/niccs/Round1Submissions4/pc/content/content_2101538083238924288.html;https://list.niccs.org.cn/archives/list/crypthashforum@list.niccs.org.cn/thread/NRFFJYNSIBWURSHYOJS5B63C2WTDKRRE/
hash-16;hash;16;LLH;LLH.zip;https://www.niccs.org.cn/niccs/Proposal/Cryptographic%20Hash%20Algorithms/Round%201%20candidates/LLH.zip;https://www.niccs.org.cn/niccs/Round1Submissions4/pc/content/content_2101537750001471488.html;https://list.niccs.org.cn/archives/list/crypthashforum@list.niccs.org.cn/thread/OMAFA6ZHAVHWY4NHZMPEZBZXZAXCITGS/
hash-17;hash;17;MasterCube;MasterCube.zip;https://www.niccs.org.cn/niccs/Proposal/Cryptographic%20Hash%20Algorithms/Round%201%20candidates/MasterCube.zip;https://www.niccs.org.cn/niccs/Round1Submissions4/pc/content/content_2101537586067099648.html;https://list.niccs.org.cn/archives/list/crypthashforum@list.niccs.org.cn/thread/4PDTEQARE3UNXMWGBWJPUSRZWRMFQWOX/
hash-18;hash;18;Megascon Hash Function;Megascon.zip;https://www.niccs.org.cn/niccs/Proposal/Cryptographic%20Hash%20Algorithms/Round%201%20candidates/Megascon.zip;https://www.niccs.org.cn/niccs/Round1Submissions4/pc/content/content_2101537413073031168.html;https://list.niccs.org.cn/archives/list/crypthashforum@list.niccs.org.cn/thread/P4JAVNW6DL4NWCZR5R7YUBX6IECHIP7C/
hash-19;hash;19;MoFang Hash Function;MoFang.zip;https://www.niccs.org.cn/niccs/Proposal/Cryptographic%20Hash%20Algorithms/Round%201%20candidates/MoFang.zip;https://www.niccs.org.cn/niccs/Round1Submissions4/pc/content/content_2101537228439769088.html;https://list.niccs.org.cn/archives/list/crypthashforum@list.niccs.org.cn/thread/CVHQ7I3KHY5DBOKI5VTCZ2QCC7OGXEVT/
hash-20;hash;20;Mozi Hash Function;Mozi.zip;https://www.niccs.org.cn/niccs/Proposal/Cryptographic%20Hash%20Algorithms/Round%201%20candidates/Mozi.zip;https://www.niccs.org.cn/niccs/Round1Submissions4/pc/content/content_2101537013422968832.html;https://list.niccs.org.cn/archives/list/crypthashforum@list.niccs.org.cn/thread/VANYBJRLZSKLUZD7YSVLZOSWUMMHJY7W/
hash-21;hash;21;Neulaser;Neulaser.zip;https://www.niccs.org.cn/niccs/Proposal/Cryptographic%20Hash%20Algorithms/Round%201%20candidates/Neulaser.zip;https://www.niccs.org.cn/niccs/Round1Submissions4/pc/content/content_2101536800629149696.html;https://list.niccs.org.cn/archives/list/crypthashforum@list.niccs.org.cn/thread/EQR3BUP6E4QEAKJBSGWTC2EYGLSJN35J/
hash-22;hash;22;Pavelor: A Highly Secure Hash Algorithm for Software Implementation;Pavelor.zip;https://www.niccs.org.cn/niccs/Proposal/Cryptographic%20Hash%20Algorithms/Round%201%20candidates/Pavelor.zip;https://www.niccs.org.cn/niccs/Round1Submissions4/pc/content/content_2101536571221692416.html;https://list.niccs.org.cn/archives/list/crypthashforum@list.niccs.org.cn/thread/LPVHD7GZ4K42QXPMJAHAGGXC6BKKIYS2/
hash-23;hash;23;QILIN;QILIN.zip;https://www.niccs.org.cn/niccs/Proposal/Cryptographic%20Hash%20Algorithms/Round%201%20candidates/QILIN.zip;https://www.niccs.org.cn/niccs/Round1Submissions4/pc/content/content_2101536372126470144.html;https://list.niccs.org.cn/archives/list/crypthashforum@list.niccs.org.cn/thread/7C7DOA36ALQDUP6JOHY7MEGUAIIL2JTZ/
hash-24;hash;24;QuantaSylva Hash;QSH.zip;https://www.niccs.org.cn/niccs/Proposal/Cryptographic%20Hash%20Algorithms/Round%201%20candidates/QSH.zip;https://www.niccs.org.cn/niccs/Round1Submissions4/pc/content/content_2101536223673274368.html;https://list.niccs.org.cn/archives/list/crypthashforum@list.niccs.org.cn/thread/TPE7P63ABTUQVIX45FPZXNO5HBEWOB5L/
hash-25;hash;25;TaiChi;TaiChi.zip;https://www.niccs.org.cn/niccs/Proposal/Cryptographic%20Hash%20Algorithms/Round%201%20candidates/TaiChi.zip;https://www.niccs.org.cn/niccs/Round1Submissions4/pc/content/content_2101536036577955840.html;https://list.niccs.org.cn/archives/list/crypthashforum@list.niccs.org.cn/thread/QZMWO5TAZLORGPWNYGAUQYOCONWOJXQR/
hash-26;hash;26;The Hash Function CHIME;CHIME.zip;https://www.niccs.org.cn/niccs/Proposal/Cryptographic%20Hash%20Algorithms/Round%201%20candidates/CHIME.zip;https://www.niccs.org.cn/niccs/Round1Submissions4/pc/content/content_2101535839617634304.html;https://list.niccs.org.cn/archives/list/crypthashforum@list.niccs.org.cn/thread/YKRXX42WF53NQYJPSXWKEBJBVEA4GBGK/
hash-27;hash;27;The Vedak Hash Function Family;Vedak.zip;https://www.niccs.org.cn/niccs/Proposal/Cryptographic%20Hash%20Algorithms/Round%201%20candidates/Vedak.zip;https://www.niccs.org.cn/niccs/Round1Submissions4/pc/content/content_2101535609849466880.html;https://list.niccs.org.cn/archives/list/crypthashforum@list.niccs.org.cn/thread/SIRTU2WZEE2LUYRVH5VU4HICZJ5GVMOU/
hash-28;hash;28;The XRH-1 Hash Function;XRH-1.zip;https://www.niccs.org.cn/niccs/Proposal/Cryptographic%20Hash%20Algorithms/Round%201%20candidates/XRH-1.zip;https://www.niccs.org.cn/niccs/Round1Submissions4/pc/content/content_2101535400742440960.html;https://list.niccs.org.cn/archives/list/crypthashforum@list.niccs.org.cn/thread/7Z6TXXYHTT6D5R5W2DXCX6J3MKTHOEDF/
hash-29;hash;29;The XRH-2 Hash Function;XRH-2.zip;https://www.niccs.org.cn/niccs/Proposal/Cryptographic%20Hash%20Algorithms/Round%201%20candidates/XRH-2.zip;https://www.niccs.org.cn/niccs/Round1Submissions4/pc/content/content_2101534893223268352.html;https://list.niccs.org.cn/archives/list/crypthashforum@list.niccs.org.cn/thread/4SQ2UVXKAKCVPPXZ2YJQ6NCFCDDACYKA/
hash-30;hash;30;The ZC-DM Hash Function;ZC-DM.zip;https://www.niccs.org.cn/niccs/Proposal/Cryptographic%20Hash%20Algorithms/Round%201%20candidates/ZC-DM.zip;https://www.niccs.org.cn/niccs/Round1Submissions4/pc/content/content_2101534683994607616.html;https://list.niccs.org.cn/archives/list/crypthashforum@list.niccs.org.cn/thread/FS4MM2IUWQP7QME3PCHHTPWDFW2TMLW6/
hash-31;hash;31;The ZC-DMC Hash Function;ZC-DMC.zip;https://www.niccs.org.cn/niccs/Proposal/Cryptographic%20Hash%20Algorithms/Round%201%20candidates/ZC-DMC.zip;https://www.niccs.org.cn/niccs/Round1Submissions4/pc/content/content_2101534457934204928.html;https://list.niccs.org.cn/archives/list/crypthashforum@list.niccs.org.cn/thread/EV6W37FOFFGQGLZQF2WUPXEIDDGVNXGW/
hash-32;hash;32;The ZC-EDMC Hash Function;ZC-EDMC.zip;https://www.niccs.org.cn/niccs/Proposal/Cryptographic%20Hash%20Algorithms/Round%201%20candidates/ZC-EDMC.zip;https://www.niccs.org.cn/niccs/Round1Submissions4/pc/content/content_2101534201922277376.html;https://list.niccs.org.cn/archives/list/crypthashforum@list.niccs.org.cn/thread/JDKKN26A6CC3F2FFE7VVFPRRBTMGJHZK/
hash-33;hash;33;Thunder Hash Family;Thunder.zip;https://www.niccs.org.cn/niccs/Proposal/Cryptographic%20Hash%20Algorithms/Round%201%20candidates/Thunder.zip;https://www.niccs.org.cn/niccs/Round1Submissions4/pc/content/content_2101533797931110400.html;https://list.niccs.org.cn/archives/list/crypthashforum@list.niccs.org.cn/thread/NFFBYY3BQVNNKGZDA6SFJJZHCP6UIZ6Y/
hash-34;hash;34;WChain Hash Function;WChain.zip;https://www.niccs.org.cn/niccs/Proposal/Cryptographic%20Hash%20Algorithms/Round%201%20candidates/WChain.zip;https://www.niccs.org.cn/niccs/Round1Submissions4/pc/content/content_2101533578757754880.html;https://list.niccs.org.cn/archives/list/crypthashforum@list.niccs.org.cn/thread/IJI5JLNW2LXHGUPJHDNYYTZUNX3GJBQZ/
hash-35;hash;35;Wish Hash Function;Wish.zip;https://www.niccs.org.cn/niccs/Proposal/Cryptographic%20Hash%20Algorithms/Round%201%20candidates/Wish.zip;https://www.niccs.org.cn/niccs/Round1Submissions4/pc/content/content_2101533368094642176.html;https://list.niccs.org.cn/archives/list/crypthashforum@list.niccs.org.cn/thread/IZQ6OX2IFTLKFWUZTP4S3MEDYWBUNFY7/
