sign-01	sign-01/Algorithm specifications.pdf
sign-02	sign-02/Algorithm specifications.pdf
sign-03	sign-03/Algorithm specifications.pdf
sign-04	sign-04/Algorithm specifications.pdf
sign-05	sign-05/Algorithm specifications.pdf
sign-06	sign-06/Algorithm specifications.pdf
sign-07	sign-07/Algorithm specifications/CS.pdf
sign-08	sign-08/Algorithm specification.pdf
sign-09	sign-09/Algorithm specifications.pdf
sign-10	sign-10/Algorithm Specification/algorithm-specification-facto-dsa.pdf
sign-11	sign-11/Algorithm specifications.pdf
sign-12	sign-12/Algorithm specifications.pdf
sign-13	sign-13/Algorithm specifications/The GreatWall Signature Scheme.pdf
sign-14	sign-14/Algorithm specifications.pdf
sign-15	sign-15/Algorithm_Specifications/DSA_ATLAS_Specification.pdf
sign-16	sign-16/Algorithm Specifications/Octarine.pdf
sign-17	sign-17/Algorithm specifications.pdf
sign-18	sign-18/Algorithm specifications/Origami Algorithm specifications.pdf
sign-19	sign-19/Algorithm specifications/Phoenix specifications.pdf
sign-20	sign-20/Algorithm specifications.pdf
sign-21	sign-21/Algorithm specifications/Algorithm specifications.pdf
sign-22	sign-22/Basic information.pdf
sign-23	sign-23/Algorithm specifications/Shuttle 算法设计文档（V4）.pdf
sign-24	sign-24/Algorithm specifications.pdf
sign-25	sign-25/Algorithm specifications/SQISign2D2 Algorithm specifications.pdf
sign-26	sign-26/Algorithm specifications/算法本文.pdf
sign-27	sign-27/Algorithm specifications/Algorithm specifications.pdf
sign-28	sign-28/Algorithm specifications/2-Algorithm specifications.pdf
sign-29	sign-29/Algorithm specifications/tins.pdf
sign-30	sign-30/Algorithm specifications.pdf
sign-31	sign-31/Algorithm specifications.pdf
sign-32	sign-32/Algorithm specifications/UVW Signature Scheme.pdf
sign-33	sign-33/Specification/VDOO-Specifications.pdf
sign-34	sign-34/Algorithm specifications.pdf
kem-01	kem-01/Algorithm specifications/02-算法文本：Aigis-Enc+.pdf
kem-02	kem-02/Algorithm specifications/Algorithm specifications.pdf
kem-03	kem-03/Algorithm specifications/Algorithm specifications.pdf
kem-04	kem-04/Algorithm specifications/Algorithm specifications.pdf
kem-05	kem-05/Algorithm specifications/BIKE_MLThre.pdf
kem-06	kem-06/Algorithm specifications/BRA-Documentation.pdf
kem-07	kem-07/Algorithm specifications/BRQC-Documentation.pdf
kem-08	kem-08/Algorithm specifications/Algorithm specifications.pdf
kem-09	kem-09/Algorithm specifications/cheetah_kem_en.pdf
kem-10	kem-10/Algorithm specifications/C-Multi-UR-AG-Documentation.pdf
kem-11	kem-11/Algorithm specifications/COMPASS-KEM算法文本(en).pdf
kem-12	kem-12/Algorithm specifications/逐光算法文本-英文.pdf
kem-13	kem-13/Algorithm specifications/DKEM-PKCKEM-380333-Algorithm Specification.pdf
kem-14	kem-14/Algorithm specifications/Algorithm specifications.pdf
kem-15	kem-15/Algorithm specifications/Algorithm specification.pdf
kem-16	kem-16/Algorithm specifications/HARE算法文档.pdf
kem-17	kem-17/Algorithm specifications/算法文本.pdf
kem-18	kem-18/Algorithm specifications/loong_kem_en.pdf
kem-19	kem-19/Algorithm specifications/Lore算法文本.pdf
kem-20	kem-20/Algorithm specifications/MAMBA_Frost_Doc.pdf
kem-21	kem-21/Algorithm specifications/MAMBA_Viper_Doc.pdf
kem-22	kem-22/Algorithm specifications/Mithril.pdf
kem-23	kem-23/Algorithm specifications/Algorithm Specification.pdf
kem-24	kem-24/Algorithm specifications/scabbard.pdf
kem-25	kem-25/Algorithm specifications/算法文本：NEV.pdf
kem-26	kem-26/Algorithm specifications/NSS-HQC算法文本.pdf
kem-27	kem-27/Algorithm specifications/NTRE.KEM-Documentation.pdf
kem-28	kem-28/Algorithm specifications/2算法文本（OAEP-NTRU）.pdf
kem-29	kem-29/Submission_Package/Algorithm_Text/polarkem-spec.pdf
kem-30	kem-30/Algorithm specifications/算法文本.pdf
kem-31	kem-31/Algorithm specifications/2-算法文本(英文) .pdf
kem-32	kem-32/Algorithm specifications/Algorithm_Text_en.pdf
kem-33	kem-33/Algorithm specifications/Algorithm specifications.pdf
kem-34	kem-34/Algorithm specifications/rudraksh2.pdf
kem-35	kem-35/Algorithm specifications/Scloud+算法文本.pdf
kem-36	kem-36/Algorithm specifications/TRIKE算法文档.pdf
kem-37	kem-37/Algorithm specifications/Algorithm specifications.pdf
kem-38	kem-38/Algorithm specifications/UVW-KEM.pdf
kem-39	kem-39/Algorithm specifications/Weaver算法设计说明书.pdf
kem-40	kem-40/Algorithm specifications/YuanYang.KEM算法文本.pdf
kem-41	kem-41/Algorithm specifications/Algorithm_specifications.pdf
kex-01	kex-01/Algorithm specifications/ADKEX-Algorithm Specification.pdf
kex-02	kex-02/Algorithm specifications/Algorithm specifications-AFS-KEX.pdf
kex-03	kex-03/Algorithm specifications/CreTAKE Algorithm specifications.pdf
kex-04	kex-04/Algorithm specifications/DKEX-Algorithm Specification.pdf
kex-05	kex-05/Algorithm specifications/Loom算法设计说明书.pdf
kex-06	kex-06/Algorithm specifications/MAMBA_NIKE.pdf
kex-07	kex-07/Algorithm specifications/02-算法文本：NEV-AKE.pdf
kex-08	kex-08/Algorithm specifications/Algorithm specifications.pdf
kex-09	kex-09/TriQ-KEX/Algorithm specifications/Algorithm specifications.pdf
hash-01	hash-01/AFS-TrEDM/Algorithm specifications/AFS-TrEDM_S6_Specification_en.pdf
hash-02	hash-02/AXIS/Algorithm specifications/AXIS-Algorithm Description.pdf
hash-03	hash-03/C Hash/Algorithm specifications/2 - Algorithm specifications - C HASH.pdf
hash-04	hash-04/CHAMP/Algorithm specifications/CHAMP Algorithm Specifications.pdf
hash-05	hash-05/uHash/Algorithm specifications/2 算法文本 英文.pdf
hash-06	hash-06/Cuishen/Algorithm specifications/Algorithm specifications.pdf
hash-07	hash-07/Dragon/Algorithm specifications/Algorithm specifications.pdf
hash-08	hash-08/Duet/Algorithm specifications/Algorithm specifications.pdf
hash-09	hash-09/Eijen/Algorithm specifications/Eijen Hash.pdf
hash-10	hash-10/FEILIAN/Algorithm specifications/Specification.pdf
hash-11	hash-11/Garnet/Algorithm specifications/算法文本.pdf
hash-12	hash-12/Iphe/Algorithm specifications/Algorithm-Specification.pdf
hash-13	hash-13/Juzi/Algorithm specifications/JuziHash.pdf
hash-14	hash-14/Laurus/Algorithm specifications/Cryptographic Hash Algorithm Laurus.pdf
hash-15	hash-15/Litchi/Algorithm specifications/Cryptographic Hash Algorithm Litchi.pdf
hash-16	hash-16/LLH/Algorithm specifications/LLH_Specification_English.pdf
hash-17	hash-17/MasterCube/Algorithm specifications/MasterCube.pdf
hash-18	hash-18/Megascon/Algorithm specifications/Megascon Hash function.pdf
hash-19	hash-19/MoFang/Algorithm specifications/MoFang Hash function.pdf
hash-20	hash-20/Mozi/Algorithm specifications/MOZI hash function.pdf
hash-21	hash-21/Neulaser/Algorithm specifications/算法文档.pdf
hash-22	hash-22/Pavelor/Algorithm specifications/Pavelor.pdf
hash-23	hash-23/QILIN/Algorithm specifications/算法文本QILIN.pdf
hash-24	hash-24/QSH/Algorithm specifications/QuantaSylva Hash.pdf
hash-25	hash-25/TaiChi/Algorithm specifications/算法文本TaiChi.pdf
hash-26	hash-26/CHIME/Algorithm specifications/算法文本.pdf
hash-27	hash-27/Vedak/Algorithm specifications/算法文本(The Vedak Hash Function Family)_英文.pdf
hash-28	hash-28/XRH-1/Algorithm specifications/算法文本_XRH-1.pdf
hash-29	hash-29/XRH-2/Algorithm specifications/算法文本_XRH-2.pdf
hash-30	hash-30/ZC-DM/Algorithm specifications/ZC-DM.pdf
hash-31	hash-31/ZC-DMC/Algorithm specifications/ZC-DMC.pdf
hash-32	hash-32/ZC-EDMC/Algorithm specifications/ZC-EDMC.pdf
hash-33	hash-33/Thunder/Algorithm specifications/Algorithm Specifications.pdf
hash-34	hash-34/WChain/Algorithm specifications/wchain hash function.pdf
hash-35	hash-35/Wish/Algorithm specifications/Wish_Specifications.pdf
