ID;Bytes;SHA256;ArchivePath
sign-01;1448215;6e6d2e07524f2d3bd489ef1e1a0db75cfaf3c9ffb66f048f2e46283e1c3a1781;sign-01/Algorithm specifications.pdf
sign-02;624928;28e942ee1baa7b686271420d56bea370c65891b4b57ef4045424f8a52dd0ccca;sign-02/Algorithm specifications.pdf
sign-03;637571;5ec5d9151e0208584e24af71c331d712995da452f1e4b75d4956aecf8da55b4b;sign-03/Algorithm specifications.pdf
sign-04;621372;7be965ae53188beec23ca4543743402509e2ae1880630b19ab1dbd29b4d70e03;sign-04/Algorithm specifications.pdf
sign-05;1452369;08c260fac74bc6c52b4c652406ea4019b94985dcf75533d02d5e935c2f86688c;sign-05/Algorithm specifications.pdf
sign-06;444179;1c470d770556b00d45a0bda2808841046326b3e980fe122a7e72c0ca461604c5;sign-06/Algorithm specifications.pdf
sign-07;276498;72c16669b2c90fa15e28f76d72335e1e3341393afd50df20264b91333f913d3f;sign-07/Algorithm specifications/CS.pdf
sign-08;409578;90d799912125b9a34d1f804beb7219d659d31e6a6e1cdbe190604d7374b36672;sign-08/Algorithm specification.pdf
sign-09;623942;c76b7b8263ef94e17b9c1821b6d8087cb3125b493ce655b4eddbabfa5f19e729;sign-09/Algorithm specifications.pdf
sign-10;469028;0bb0e5a31bfa29dd2d63bfff56051a50e8126abcf9d92665442077664461762b;sign-10/Algorithm Specification/algorithm-specification-facto-dsa.pdf
sign-11;746941;9d1e19cff59d9d8eb17729f07c7a9c2e2d9c45acaa408078dffb12eb56a99917;sign-11/Algorithm specifications.pdf
sign-12;684923;95d66ea845f96eadd68900db95a0554a6b106dce4c26d972aab33f5eb09c7c19;sign-12/Algorithm specifications.pdf
sign-13;719584;257488d91153ec3164d987d261a7205935e9cf4259a1c1b0624fbfbb25428b38;sign-13/Algorithm specifications/The GreatWall Signature Scheme.pdf
sign-14;1222093;45c8bb056141e5b314d0bbdc398d2d66ffa8c4ed6fe4a49e46793379d244c859;sign-14/Algorithm specifications.pdf
sign-15;954018;c00d819aa437bda46e3a517a129e70a17b998ec5026568a38af0715f81927942;sign-15/Algorithm_Specifications/DSA_ATLAS_Specification.pdf
sign-16;901663;b88fbdd019beb8f0ae85c1554b48c87a42c5447b39171ce559ae30988c1bf09f;sign-16/Algorithm Specifications/Octarine.pdf
sign-17;426496;1b5dc50ff728b2698bda90928251bae4e6cac4e138c82359f6f263cb6914078f;sign-17/Algorithm specifications.pdf
sign-18;827665;436569f46829f076141ec52a118b80d5eb8f0a99acbeb627d49e02fa9680e6b3;sign-18/Algorithm specifications/Origami Algorithm specifications.pdf
sign-19;793955;c9c9f4f6572fffafec246742fff577de3e09a42c0ce67012494c0360103d0e45;sign-19/Algorithm specifications/Phoenix specifications.pdf
sign-20;539329;85edd9c2b0025cae82e4c9160f2286365279ce18bfde062d3586f17b4994f4bd;sign-20/Algorithm specifications.pdf
sign-21;1199725;d4433c4960f2d87114b60f61f7781bf718a24c0adfb72c8bc8882f5889aa5b38;sign-21/Algorithm specifications/Algorithm specifications.pdf
sign-22;840076;b1d6f86e7b2ce58a54e3078396c0df2283c59ae7773b3513580a19a8cb3c9ae3;sign-22/Basic information.pdf
sign-23;1019287;881145de9832bc55cc5a27a61fff2a213c625c20c2c1ada60c32825ad8a95893;sign-23/Algorithm specifications/Shuttle 算法设计文档（V4）.pdf
sign-24;599661;70aeb12841582857947e4bef3766a34b1013f6d63dce2d5184b7a04b67dfb974;sign-24/Algorithm specifications.pdf
sign-25;1206964;598139da24c326890600ced289c41e621e7df5f1612ef3c1c699e620e33fb1ec;sign-25/Algorithm specifications/SQISign2D2 Algorithm specifications.pdf
sign-26;817378;1363945ff198e9ca48e7a7dbe39d488c590580d746c56b7f10e30d51f86059f6;sign-26/Algorithm specifications/算法本文.pdf
sign-27;368496;e9376de36257c2f4d1dcbb4864feb2849835fba7331b2e3dc8daae00fbe3d98c;sign-27/Algorithm specifications/Algorithm specifications.pdf
sign-28;1072458;6638dd2b9fb696128f655c9da93fcf4c329925c83a599e3604adbf26af0f37ab;sign-28/Algorithm specifications/2-Algorithm specifications.pdf
sign-29;558712;8af6eb9bbb5dbd09ff3538b359657c7f42d190bab05ac7eaa2889cffe0aa8b13;sign-29/Algorithm specifications/tins.pdf
sign-30;393425;dbd62aefe11d21091e9e04f387b9918aff1e63a1b9bde009387840aa33728259;sign-30/Algorithm specifications.pdf
sign-31;465807;17b2cb0d43a3f45c59fe79f2819bb6dcdc988fdc1a9776a40054d27761f5697a;sign-31/Algorithm specifications.pdf
sign-32;401698;e4e28d0dfaa84c1c8d0494b73abfee7de78bfde31adfa521f532f797eb77992c;sign-32/Algorithm specifications/UVW Signature Scheme.pdf
sign-33;690449;eb22504626a5d02191b7790061de0ffa499eeb6b1d19d99cf5b87d3e28696ab0;sign-33/Specification/VDOO-Specifications.pdf
sign-34;1039489;30242db5485dd4284b360d5bd6d126a63df985154e10fafb70f5773e0d7a3e47;sign-34/Algorithm specifications.pdf
kem-01;1319314;27e4b81bedaffa1a57cc2e2fe9518f3ddefcbdaa6a883463caf8a88196c43ceb;kem-01/Algorithm specifications/02-算法文本：Aigis-Enc+.pdf
kem-02;605386;ffca61c5470298f3a173b76a8ead43299a04d990b0bbb913397f910285d4d247;kem-02/Algorithm specifications/Algorithm specifications.pdf
kem-03;458719;f72e55878826e6ff36d99ec0d9422cd34c568fafdd5dc560ea2fa222e4c47276;kem-03/Algorithm specifications/Algorithm specifications.pdf
kem-04;214927;f38c754a6609d5f23024452b505fd85b8a6c05eb2932a42c17b19a98f17b00d6;kem-04/Algorithm specifications/Algorithm specifications.pdf
kem-05;1429220;f3d1145190beef22e065bdefaf32a48a26ef03a4822a4b3d45e0703ffb871479;kem-05/Algorithm specifications/BIKE_MLThre.pdf
kem-06;302300;518571ac0ff1875580d82ee37a9b4923099a5c88294a5e9c5082bf92f435e75a;kem-06/Algorithm specifications/BRA-Documentation.pdf
kem-07;295302;b8bb52c2386ae1418200ff6c0c164bc61af81409057633223889ebf185be549c;kem-07/Algorithm specifications/BRQC-Documentation.pdf
kem-08;964640;1e052730d0c4f1578c46f23abd37f4adbb32b988b914054077ea551817d5383b;kem-08/Algorithm specifications/Algorithm specifications.pdf
kem-09;400391;add344a14702806e5c31b425039c0bed354ae073c18bd4c8686821595bdfcc6a;kem-09/Algorithm specifications/cheetah_kem_en.pdf
kem-10;534453;0403360e812a6fea88cc35f2ad38594fbd943c7835a5c05cde86e1afacb0d365;kem-10/Algorithm specifications/C-Multi-UR-AG-Documentation.pdf
kem-11;430484;40a280535ac4ef6bc698540893fb3cb210a70866e25112d15e7c6c0355b03572;kem-11/Algorithm specifications/COMPASS-KEM算法文本(en).pdf
kem-12;1287538;4c238acfde7488d52fa73a00116c414a8440ce11190f9e9c651ce10f7a754b9a;kem-12/Algorithm specifications/逐光算法文本-英文.pdf
kem-13;445958;48f99e665f81162e2f6c0f1233a1b6d5a74d06c04a84880009ddbeb1e8c6e396;kem-13/Algorithm specifications/DKEM-PKCKEM-380333-Algorithm Specification.pdf
kem-14;525655;f4eeb4a34df64cfde756bfe71e938279f60214245e84e2664665eb446e33e8a5;kem-14/Algorithm specifications/Algorithm specifications.pdf
kem-15;466891;47e1fee04a6e766174245f656ca49ea6b566aacbe2bd7f16daf1942f0400b13b;kem-15/Algorithm specifications/Algorithm specification.pdf
kem-16;543023;a2242e0dbfcfbf101629e49f75f7b12866f7a3186384adb3642da7f95e5122a9;kem-16/Algorithm specifications/HARE算法文档.pdf
kem-17;598486;ebfdf7a5e695d3320b521bf4aa7149bb79ba9c6e25e860f431b90c67b02823f8;kem-17/Algorithm specifications/算法文本.pdf
kem-18;496701;d8a66fd551ccb1edd911352c73df462b0bcf8720ba58ac8a3542f59ef45538dd;kem-18/Algorithm specifications/loong_kem_en.pdf
kem-19;503433;185adb545b785ef6805a64aa9c70e1e68aca4dd705aebc8e11c3c302987e0b48;kem-19/Algorithm specifications/Lore算法文本.pdf
kem-20;1004209;2dec9ef65180e7fbbaa90315124fe8dc055dffa34b86e45c33c2782bbd7ca020;kem-20/Algorithm specifications/MAMBA_Frost_Doc.pdf
kem-21;991813;020064eb0845d860be1f7911637f9a9e3e11b7378285189668563cc04f22c004;kem-21/Algorithm specifications/MAMBA_Viper_Doc.pdf
kem-22;856146;38456688b3cf48cc5aad111498a532df4f7001c04c7a4b63d9eed588c057abce;kem-22/Algorithm specifications/Mithril.pdf
kem-23;708682;3cebe02a77c5ed7bd9ebf86a3b493d1f71ca630ef746570910ce775998392a5c;kem-23/Algorithm specifications/Algorithm Specification.pdf
kem-24;499637;e4c1e414687c69e8a6b68ac0f2acd063378ff9883b9ddc15f122157b49897f4d;kem-24/Algorithm specifications/scabbard.pdf
kem-25;1401690;ca0cece798971b08609d86df9ee7c514d8c99caf0f5f330d8667fce863bcd44a;kem-25/Algorithm specifications/算法文本：NEV.pdf
kem-26;523526;e993a0ad7b87be444a0a2381c98eb8ffe9fa75d53f34e5141add21a1c5ef2dde;kem-26/Algorithm specifications/NSS-HQC算法文本.pdf
kem-27;338300;af7a09a5633b494a67347bf518babf1f03ed90786e7d075a25869edd575a0003;kem-27/Algorithm specifications/NTRE.KEM-Documentation.pdf
kem-28;392417;cde9de6e14fad324e5133b196a40e00ef394806d06e4101da42de79f8f0689b6;kem-28/Algorithm specifications/2算法文本（OAEP-NTRU）.pdf
kem-29;252705;7234eb7b8e71a38a97d0f6f637aa3e72d6363faad6affde77d574124b8ba6e78;kem-29/Submission_Package/Algorithm_Text/polarkem-spec.pdf
kem-30;1355275;aba16100f0e5c49d54e1811c672d90c4d837200116e5a312625f8473b6d40eca;kem-30/Algorithm specifications/算法文本.pdf
kem-31;1578178;fffc590f932655b26dd6e8affbd2dfa65238c9d874922f5f8665352539d43f94;kem-31/Algorithm specifications/2-算法文本(英文) .pdf
kem-32;599405;dec99d7b20f338bddd2049d95b64db91704a52f1e5aa8ca7083060858550e330;kem-32/Algorithm specifications/Algorithm_Text_en.pdf
kem-33;652048;c56c14e58dba6065beb555cfe71f046061d912bed3a8b521389d0c09807b9f48;kem-33/Algorithm specifications/Algorithm specifications.pdf
kem-34;482040;f1f8fd50fcc49e71d34ade4f42b0c6cf3355eba16fb9d7f2594bd157f63c2acb;kem-34/Algorithm specifications/rudraksh2.pdf
kem-35;339791;4e0af1cdadb13ec91e111f0d237e56fc31c5e9f9f7b093e25c45cb0666c02da9;kem-35/Algorithm specifications/Scloud+算法文本.pdf
kem-36;970800;9258ff7264bb3bb78c02da0bf4b915f7087c8711a8ccd67e1d14a1ac2b32b407;kem-36/Algorithm specifications/TRIKE算法文档.pdf
kem-37;915349;6ee698b0a37243ffc334bbc44c19bbcb1b818fe33cf62d02f85a5ac7f1568fd1;kem-37/Algorithm specifications/Algorithm specifications.pdf
kem-38;374528;70e1e62f41ead04e9a74eddd851b4fcd05cf2afe3f5667590f2f89062f011356;kem-38/Algorithm specifications/UVW-KEM.pdf
kem-39;680921;d9fa03f683dfc65656a3e12606d1d0094c92bf8010eed807a1c6fc05b10b21af;kem-39/Algorithm specifications/Weaver算法设计说明书.pdf
kem-40;884262;b56b0bf869ec3f11bc1cd3b4388bccdc5f8c16187a638d3e5fa8e0d8d54cec50;kem-40/Algorithm specifications/YuanYang.KEM算法文本.pdf
kem-41;240531;03cdcd8e084d272989e4a7b8b814b10015c2ee4fd6c5d530e2a27c6a930ba714;kem-41/Algorithm specifications/Algorithm_specifications.pdf
kex-01;400805;ab64a177d72a862713835b8f14c72fad1dbde6082b514198d9d684e68605344e;kex-01/Algorithm specifications/ADKEX-Algorithm Specification.pdf
kex-02;1647267;b8a384d451491b332240b7783421e964b89eeca21aa58aa184e8d6d09942df6a;kex-02/Algorithm specifications/Algorithm specifications-AFS-KEX.pdf
kex-03;278239;0395a8c6b9603b2faf951c66f2be02b293e5a662c130290d86c3754559ee07de;kex-03/Algorithm specifications/CreTAKE Algorithm specifications.pdf
kex-04;389412;3de5d1db42cfb2af59e317729489b9f5a117763fca84fcaab51538ffd53a6de5;kex-04/Algorithm specifications/DKEX-Algorithm Specification.pdf
kex-05;720093;8a77fae093d869f907409d4055cacdd7a9bb899aa693341b069467828c3ec02d;kex-05/Algorithm specifications/Loom算法设计说明书.pdf
kex-06;898869;b8d4e2223bd94e0562c091fdd7ce7cfea26bf4e134ef0f6ca66bc554f14564dd;kex-06/Algorithm specifications/MAMBA_NIKE.pdf
kex-07;1382419;2580621b8253d395a090ed1e90f3574c5ce482d2d3e21bea79e58d7b4a212547;kex-07/Algorithm specifications/02-算法文本：NEV-AKE.pdf
kex-08;308513;66e6531aec35c7715205b2df54c79349a129e65ec9fb8f26b32840936db70555;kex-08/Algorithm specifications/Algorithm specifications.pdf
kex-09;390258;04b7cfff9dcaffd1677ecd01785aad10fa048b0473ec707831dc9e56d20ab6c9;kex-09/TriQ-KEX/Algorithm specifications/Algorithm specifications.pdf
hash-01;3278352;96a297867ec5fa8b10d4d5aa7282251c59e56536bfd33b66797f1736fdfcb76c;hash-01/AFS-TrEDM/Algorithm specifications/AFS-TrEDM_S6_Specification_en.pdf
hash-02;241935;2b99ad1648ee8f13432623c96bcef3a76a0837e1913b28613f7f94408dee4b37;hash-02/AXIS/Algorithm specifications/AXIS-Algorithm Description.pdf
hash-03;1501626;1df58eec9b28ca09720928858de7a212f84b5adcf162da2a808bde8e289bee4f;hash-03/C Hash/Algorithm specifications/2 - Algorithm specifications - C HASH.pdf
hash-04;383922;c1201fe48fe45033c9a97e39ff83928e683ac1d69703ec31987752f6f7dfaa69;hash-04/CHAMP/Algorithm specifications/CHAMP Algorithm Specifications.pdf
hash-05;833965;65ae853b822e967f63eacb441ffeb68c37861441e7e3e4812c519f6de71c7e87;hash-05/uHash/Algorithm specifications/2 算法文本 英文.pdf
hash-06;2150415;fc36e428a82d77bcfc54231bc911f124dd21cce61c97e3fe29b6bfef33c8635f;hash-06/Cuishen/Algorithm specifications/Algorithm specifications.pdf
hash-07;340533;5b53060d5ae14c3434bb16a460b034a7c692de54366f936915a0023aa367f7f2;hash-07/Dragon/Algorithm specifications/Algorithm specifications.pdf
hash-08;848285;6a846acc98114368059b96e42925877e06a4cdd423e36143ee274e2679dfbf9f;hash-08/Duet/Algorithm specifications/Algorithm specifications.pdf
hash-09;349544;d4282aa1f7395125766fa3f8b819252d61153d595275f454576086d7211f587f;hash-09/Eijen/Algorithm specifications/Eijen Hash.pdf
hash-10;642596;8e3a9a109f3188ab57cbd0156c243f80a6453051cf98006dfef11d66bdeb5fa8;hash-10/FEILIAN/Algorithm specifications/Specification.pdf
hash-11;739536;2e979d34a1a938f1730780a25ca252130c6c7a9e2ae4acd155d55568586e0083;hash-11/Garnet/Algorithm specifications/算法文本.pdf
hash-12;222925;552cdcf57adb4be223bec166db944405907c8b201452681f9aee96a4785b408b;hash-12/Iphe/Algorithm specifications/Algorithm-Specification.pdf
hash-13;370774;d441005afa2186e668f22ebfdc0ededf9eb796cecdc89a2f654a354d8bc2e7d9;hash-13/Juzi/Algorithm specifications/JuziHash.pdf
hash-14;1177763;63190edaf6bd2b85c93f21f49412567cfcb0c8330063c9124d19cd64cd91b141;hash-14/Laurus/Algorithm specifications/Cryptographic Hash Algorithm Laurus.pdf
hash-15;1241158;454300f46f71ea5cb74daa4df99f0a1a9c2276cdeb9aa7f9ff72f178b8e32bec;hash-15/Litchi/Algorithm specifications/Cryptographic Hash Algorithm Litchi.pdf
hash-16;529448;c0e907402bc79dd1b6f116bf09daaabdd5b8d1bc53eda68458929c636be06d8f;hash-16/LLH/Algorithm specifications/LLH_Specification_English.pdf
hash-17;906961;cc5b51b21af90a1331f83ebc03ac1a0452c60dd5f7e5661b84266beb7c9c21e9;hash-17/MasterCube/Algorithm specifications/MasterCube.pdf
hash-18;420100;91a649252cbb5d4d563dfa202ff00a5a270b9b9b2aa40b0a3f5ebb6abc78153a;hash-18/Megascon/Algorithm specifications/Megascon Hash function.pdf
hash-19;920026;3be6697d885dcb3ec93999c8dfae2c78a15abf6ac0bfe5e89b08de5eab6ff81c;hash-19/MoFang/Algorithm specifications/MoFang Hash function.pdf
hash-20;730488;1c611656c47a7d708dc47449c5fdf2aa4f524e53362b08242daedc57932dbb86;hash-20/Mozi/Algorithm specifications/MOZI hash function.pdf
hash-21;297621;7f26bdea076d5c2c06469a764118ef6c323ba7844df018810de67a88215610db;hash-21/Neulaser/Algorithm specifications/算法文档.pdf
hash-22;1800124;08c532b9241dd85ab4b5d5b8c4b020a5baf412738457431c895e17f0434abcb0;hash-22/Pavelor/Algorithm specifications/Pavelor.pdf
hash-23;678346;e439fab38326cceff893a17cc3f2fd2df78be9e2f603a737efec445de328e849;hash-23/QILIN/Algorithm specifications/算法文本QILIN.pdf
hash-24;576058;5e822a570ad6cc2f07a2c72d6bb9997e658ee01aa2e8264b9dcc0f2cc8dab6b1;hash-24/QSH/Algorithm specifications/QuantaSylva Hash.pdf
hash-25;878169;be46175008c1761d0ef5418339c60eb7c125da69ab5cdd4589c95ef890f8ceae;hash-25/TaiChi/Algorithm specifications/算法文本TaiChi.pdf
hash-26;1099086;b8358601c531d49ecc3a7843771b403d44504aad6a0aac07dc4e20eb397a2a5c;hash-26/CHIME/Algorithm specifications/算法文本.pdf
hash-27;1069438;d56d73291912a08ba506d969605a0c771851fa5472d77db859aef299e6bffda2;hash-27/Vedak/Algorithm specifications/算法文本(The Vedak Hash Function Family)_英文.pdf
hash-28;475342;c16b5cd2591cefcbefeb2ec6b822b9f6f65bb68f6b0ee250895dbf9a30bd0774;hash-28/XRH-1/Algorithm specifications/算法文本_XRH-1.pdf
hash-29;472827;a0c0687be9cc738eb7c7555971e10e7f1e34d07dbe62ceb84b49319f47f9c6a4;hash-29/XRH-2/Algorithm specifications/算法文本_XRH-2.pdf
hash-30;328968;7b6be177b88e734499bde19a1b152ac48c34b09c76375f04d1e0960ab920a069;hash-30/ZC-DM/Algorithm specifications/ZC-DM.pdf
hash-31;444038;4db2e5d0cbc7a37b4d50b8c4de7873a6bcf0d8a344972e1f121483964e1d8c68;hash-31/ZC-DMC/Algorithm specifications/ZC-DMC.pdf
hash-32;357105;fa729c66f685e527e8ccf47667f150e5e5858e5a4693368651346a081b58c6d0;hash-32/ZC-EDMC/Algorithm specifications/ZC-EDMC.pdf
hash-33;482961;f6fafe152124757787f54db3869bb7ef7d8106e8a7293ee341d511ec279e7d36;hash-33/Thunder/Algorithm specifications/Algorithm Specifications.pdf
hash-34;961209;646ca79b6295eb75bc476b01cb3e1670882394ed6a4ca48c1f791f3287b7b0e7;hash-34/WChain/Algorithm specifications/wchain hash function.pdf
hash-35;481819;a84b946a93f0fe772c1b08d29c90f894d928ea13cef9ee6ed1fd2fdee118dd2c;hash-35/Wish/Algorithm specifications/Wish_Specifications.pdf
